RESPOND_ID,EXAMIN_BEGIN_DE,SEXDSTN_FLAG_CD,AGRDE_FLAG_NM,ANSWRR_OC_AREA_NM,HSHLD_INCOME_DGREE_NM,SU_TOUR_INTRST_VALUE,GG_IC_TOUR_INTRST_VALUE,BS_TOUR_INTRST_VALUE,CHN_DJ_TOUR_INTRST_VALUE,CB_TOUR_INTRST_VALUE,GN_US_TOUR_INTRST_VALUE,GB_DG_TOUR_INTRST_VALUE,JN_GJ_TOUR_INTRST_VALUE,JNBK_TOUR_INTRST_VALUE,GW_TOUR_INTRST_VALUE,JJ_TOUR_INTRST_VALUE
170005,20220103,F,60대,서울특별시,300만원 미만,약간 적어졌다,약간 커졌다,약간 커졌다,예전과 비슷하다,예전과 비슷하다,약간 커졌다,약간 커졌다,약간 커졌다,약간 커졌다,많이 커졌다,많이 커졌다
39873,20220103,F,60대,서울특별시,300이상500만원 미만,예전과 비슷하다,약간 커졌다,약간 커졌다,예전과 비슷하다,예전과 비슷하다,예전과 비슷하다,예전과 비슷하다,예전과 비슷하다,예전과 비슷하다,예전과 비슷하다,약간 커졌다
349494,20220103,F,60대,서울특별시,500이상700만원 미만,약간 적어졌다,예전과 비슷하다,예전과 비슷하다,약간 적어졌다,약간 적어졌다,약간 적어졌다,약간 적어졌다,예전과 비슷하다,약간 적어졌다,약간 커졌다,약간 커졌다
320636,20220103,F,60대,서울특별시,700만원 이상,약간 적어졌다,약간 커졌다,예전과 비슷하다,약간 적어졌다,약간 적어졌다,예전과 비슷하다,예전과 비슷하다,예전과 비슷하다,예전과 비슷하다,많이 커졌다,많이 커졌다
365224,20220103,F,60대,서울특별시,500이상700만원 미만,예전과 비슷하다,예전과 비슷하다,예전과 비슷하다,예전과 비슷하다,약간 커졌다,예전과 비슷하다,예전과 비슷하다,예전과 비슷하다,예전과 비슷하다,약간 커졌다,예전과 비슷하다
394171,20220103,F,60대,서울특별시,300이상500만원 미만,예전과 비슷하다,약간 커졌다,약간 커졌다,예전과 비슷하다,예전과 비슷하다,예전과 비슷하다,예전과 비슷하다,예전과 비슷하다,약간 커졌다,약간 커졌다,예전과 비슷하다
111518,20220103,F,40대,경기도,500이상700만원 미만,많이 적어졌다,약간 적어졌다,예전과 비슷하다,예전과 비슷하다,예전과 비슷하다,약간 적어졌다,약간 적어졌다,약간 적어졌다,약간 적어졌다,많이 커졌다,많이 커졌다
418557,20220103,F,40대,경기도,700만원 이상,예전과 비슷하다,예전과 비슷하다,예전과 비슷하다,약간 적어졌다,많이 적어졌다,많이 적어졌다,많이 적어졌다,많이 적어졌다,많이 적어졌다,약간 적어졌다,약간 커졌다
1101104,20220103,F,40대,경기도,500이상700만원 미만,예전과 비슷하다,약간 커졌다,예전과 비슷하다,예전과 비슷하다,예전과 비슷하다,예전과 비슷하다,예전과 비슷하다,약간 커졌다,약간 커졌다,약간 커졌다,약간 커졌다
179477,20220103,F,40대,경기도,700만원 이상,예전과 비슷하다,예전과 비슷하다,약간 커졌다,약간 커졌다,예전과 비슷하다,예전과 비슷하다,예전과 비슷하다,예전과 비슷하다,예전과 비슷하다,약간 커졌다,약간 커졌다
428188,20220103,F,40대,경기도,300이상500만원 미만,약간 적어졌다,약간 적어졌다,약간 커졌다,예전과 비슷하다,약간 커졌다,예전과 비슷하다,예전과 비슷하다,약간 적어졌다,약간 적어졌다,약간 커졌다,많이 커졌다
423400,20220103,F,40대,경기도,700만원 이상,예전과 비슷하다,예전과 비슷하다,예전과 비슷하다,예전과 비슷하다,예전과 비슷하다,예전과 비슷하다,예전과 비슷하다,예전과 비슷하다,예전과 비슷하다,많이 커졌다,많이 커졌다
273166,20220103,F,40대,경기도,500이상700만원 미만,예전과 비슷하다,예전과 비슷하다,약간 커졌다,약간 커졌다,예전과 비슷하다,많이 적어졌다,많이 적어졌다,많이 커졌다,약간 커졌다,약간 적어졌다,예전과 비슷하다
414724,20220103,F,40대,경기도,700만원 이상,예전과 비슷하다,약간 커졌다,약간 커졌다,예전과 비슷하다,예전과 비슷하다,약간 커졌다,예전과 비슷하다,많이 커졌다,약간 커졌다,예전과 비슷하다,많이 커졌다
271807,20220103,F,40대,서울특별시,500이상700만원 미만,많이 커졌다,많이 커졌다,예전과 비슷하다,약간 커졌다,예전과 비슷하다,약간 커졌다,약간 커졌다,예전과 비슷하다,예전과 비슷하다,많이 커졌다,약간 커졌다
445861,20220103,F,40대,서울특별시,700만원 이상,예전과 비슷하다,예전과 비슷하다,약간 적어졌다,많이 커졌다,많이 커졌다,예전과 비슷하다,예전과 비슷하다,약간 커졌다,약간 커졌다,예전과 비슷하다,예전과 비슷하다
96221,20220103,F,40대,서울특별시,700만원 이상,약간 커졌다,약간 커졌다,예전과 비슷하다,예전과 비슷하다,예전과 비슷하다,약간 커졌다,약간 커졌다,약간 커졌다,약간 커졌다,약간 커졌다,약간 커졌다
87768,20220103,F,40대,서울특별시,700만원 이상,약간 적어졌다,약간 적어졌다,약간 적어졌다,약간 적어졌다,약간 적어졌다,약간 적어졌다,약간 적어졌다,약간 적어졌다,많이 적어졌다,많이 적어졌다,약간 적어졌다
1118798,20220103,F,30대,경기도,700만원 이상,예전과 비슷하다,예전과 비슷하다,많이 커졌다,약간 커졌다,약간 커졌다,예전과 비슷하다,예전과 비슷하다,예전과 비슷하다,예전과 비슷하다,약간 커졌다,많이 커졌다
93021,20220103,F,30대,경기도,500이상700만원 미만,예전과 비슷하다,예전과 비슷하다,약간 커졌다,예전과 비슷하다,약간 적어졌다,예전과 비슷하다,예전과 비슷하다,예전과 비슷하다,예전과 비슷하다,많이 커졌다,많이 커졌다
339319,20220103,F,30대,경기도,모름,예전과 비슷하다,예전과 비슷하다,약간 커졌다,예전과 비슷하다,예전과 비슷하다,약간 커졌다,약간 커졌다,예전과 비슷하다,예전과 비슷하다,예전과 비슷하다,약간 적어졌다
2824470,20220103,F,30대,경기도,300이상500만원 미만,예전과 비슷하다,예전과 비슷하다,예전과 비슷하다,예전과 비슷하다,예전과 비슷하다,예전과 비슷하다,예전과 비슷하다,예전과 비슷하다,예전과 비슷하다,약간 커졌다,약간 커졌다
103448,20220103,F,30대,경기도,300만원 미만,예전과 비슷하다,예전과 비슷하다,예전과 비슷하다,예전과 비슷하다,예전과 비슷하다,예전과 비슷하다,예전과 비슷하다,예전과 비슷하다,예전과 비슷하다,예전과 비슷하다,약간 커졌다
261048,20220103,F,30대,경기도,300이상500만원 미만,예전과 비슷하다,약간 적어졌다,예전과 비슷하다,예전과 비슷하다,약간 적어졌다,약간 적어졌다,약간 적어졌다,약간 적어졌다,약간 적어졌다,예전과 비슷하다,예전과 비슷하다
2913149,20220103,F,30대,서울특별시,모름,약간 커졌다,예전과 비슷하다,약간 커졌다,예전과 비슷하다,예전과 비슷하다,예전과 비슷하다,예전과 비슷하다,예전과 비슷하다,예전과 비슷하다,예전과 비슷하다,약간 커졌다
1241497,20220103,F,30대,서울특별시,300만원 미만,예전과 비슷하다,예전과 비슷하다,예전과 비슷하다,예전과 비슷하다,예전과 비슷하다,예전과 비슷하다,예전과 비슷하다,예전과 비슷하다,예전과 비슷하다,예전과 비슷하다,예전과 비슷하다
274439,20220103,F,30대,서울특별시,모름,예전과 비슷하다,예전과 비슷하다,약간 커졌다,예전과 비슷하다,예전과 비슷하다,예전과 비슷하다,예전과 비슷하다,예전과 비슷하다,예전과 비슷하다,예전과 비슷하다,예전과 비슷하다
3078239,20220103,F,30대,서울특별시,300이상500만원 미만,약간 적어졌다,약간 적어졌다,약간 커졌다,예전과 비슷하다,예전과 비슷하다,예전과 비슷하다,예전과 비슷하다,예전과 비슷하다,예전과 비슷하다,약간 커졌다,많이 적어졌다
2904169,20220103,F,30대,서울특별시,300이상500만원 미만,예전과 비슷하다,예전과 비슷하다,약간 커졌다,예전과 비슷하다,예전과 비슷하다,약간 커졌다,예전과 비슷하다,약간 커졌다,약간 커졌다,많이 커졌다,많이 커졌다
368929,20220103,F,20대,서울특별시,300만원 미만,약간 적어졌다,예전과 비슷하다,예전과 비슷하다,예전과 비슷하다,예전과 비슷하다,예전과 비슷하다,약간 커졌다,예전과 비슷하다,예전과 비슷하다,예전과 비슷하다,약간 커졌다
422823,20220103,F,20대,서울특별시,700만원 이상,많이 커졌다,약간 커졌다,약간 커졌다,예전과 비슷하다,예전과 비슷하다,예전과 비슷하다,예전과 비슷하다,예전과 비슷하다,예전과 비슷하다,예전과 비슷하다,약간 커졌다
438230,20220103,M,60대,서울특별시,300이상500만원 미만,많이 적어졌다,많이 적어졌다,많이 적어졌다,많이 적어졌다,많이 적어졌다,많이 적어졌다,많이 적어졌다,많이 적어졌다,많이 적어졌다,많이 적어졌다,많이 적어졌다
345705,20220103,M,60대,서울특별시,300이상500만원 미만,예전과 비슷하다,약간 적어졌다,약간 적어졌다,많이 적어졌다,많이 적어졌다,많이 적어졌다,많이 적어졌다,많이 적어졌다,많이 적어졌다,많이 적어졌다,많이 적어졌다
373017,20220103,M,60대,서울특별시,300이상500만원 미만,예전과 비슷하다,예전과 비슷하다,약간 커졌다,예전과 비슷하다,약간 커졌다,약간 적어졌다,약간 적어졌다,예전과 비슷하다,예전과 비슷하다,약간 적어졌다,많이 적어졌다
142271,20220103,M,40대,대구광역시,500이상700만원 미만,예전과 비슷하다,약간 커졌다,예전과 비슷하다,예전과 비슷하다,약간 적어졌다,예전과 비슷하다,예전과 비슷하다,예전과 비슷하다,약간 커졌다,약간 커졌다,많이 커졌다
236350,20220103,M,40대,대구광역시,500이상700만원 미만,예전과 비슷하다,예전과 비슷하다,예전과 비슷하다,예전과 비슷하다,예전과 비슷하다,예전과 비슷하다,예전과 비슷하다,예전과 비슷하다,예전과 비슷하다,예전과 비슷하다,예전과 비슷하다
3173547,20220103,M,40대,서울특별시,700만원 이상,예전과 비슷하다,예전과 비슷하다,많이 커졌다,약간 적어졌다,약간 적어졌다,약간 적어졌다,약간 적어졌다,약간 적어졌다,예전과 비슷하다,많이 커졌다,많이 커졌다
52466,20220103,M,40대,서울특별시,500이상700만원 미만,약간 커졌다,약간 커졌다,약간 커졌다,약간 커졌다,약간 커졌다,약간 커졌다,약간 커졌다,약간 커졌다,약간 커졌다,많이 커졌다,많이 커졌다
3014319,20220103,M,40대,서울특별시,700만원 이상,많이 적어졌다,많이 적어졌다,약간 적어졌다,예전과 비슷하다,예전과 비슷하다,약간 적어졌다,약간 적어졌다,예전과 비슷하다,예전과 비슷하다,약간 커졌다,약간 커졌다
384842,20220103,M,40대,서울특별시,700만원 이상,예전과 비슷하다,예전과 비슷하다,예전과 비슷하다,약간 커졌다,약간 커졌다,약간 커졌다,약간 커졌다,예전과 비슷하다,예전과 비슷하다,약간 커졌다,예전과 비슷하다
43919,20220103,M,40대,서울특별시,700만원 이상,예전과 비슷하다,약간 커졌다,예전과 비슷하다,약간 커졌다,예전과 비슷하다,약간 커졌다,예전과 비슷하다,약간 커졌다,예전과 비슷하다,약간 커졌다,약간 커졌다
3119227,20220103,M,40대,서울특별시,300이상500만원 미만,많이 커졌다,약간 커졌다,약간 커졌다,예전과 비슷하다,예전과 비슷하다,약간 커졌다,예전과 비슷하다,약간 적어졌다,예전과 비슷하다,약간 커졌다,많이 커졌다
1510859,20220103,M,40대,서울특별시,700만원 이상,예전과 비슷하다,예전과 비슷하다,약간 커졌다,예전과 비슷하다,예전과 비슷하다,예전과 비슷하다,예전과 비슷하다,약간 커졌다,약간 커졌다,약간 커졌다,약간 커졌다
315702,20220103,F,30대,부산광역시,700만원 이상,예전과 비슷하다,약간 적어졌다,예전과 비슷하다,약간 적어졌다,약간 적어졌다,약간 적어졌다,예전과 비슷하다,약간 적어졌다,약간 적어졌다,약간 커졌다,약간 커졌다
399595,20220103,F,50대,부산광역시,700만원 이상,예전과 비슷하다,예전과 비슷하다,많이 커졌다,예전과 비슷하다,예전과 비슷하다,약간 커졌다,예전과 비슷하다,예전과 비슷하다,예전과 비슷하다,예전과 비슷하다,약간 커졌다
300486,20220103,F,40대,대전광역시,300만원 미만,많이 커졌다,약간 커졌다,예전과 비슷하다,예전과 비슷하다,예전과 비슷하다,예전과 비슷하다,예전과 비슷하다,예전과 비슷하다,예전과 비슷하다,많이 커졌다,많이 커졌다
444094,20220103,F,20대,대구광역시,500이상700만원 미만,약간 커졌다,예전과 비슷하다,많이 커졌다,예전과 비슷하다,예전과 비슷하다,예전과 비슷하다,예전과 비슷하다,예전과 비슷하다,예전과 비슷하다,예전과 비슷하다,예전과 비슷하다
3228210,20220103,M,30대,충청북도,300이상500만원 미만,많이 커졌다,많이 커졌다,많이 커졌다,많이 커졌다,많이 커졌다,많이 커졌다,많이 커졌다,많이 커졌다,많이 커졌다,많이 커졌다,많이 커졌다
370726,20220103,M,60대,충청남도(세종시 포함),700만원 이상,많이 적어졌다,많이 적어졌다,약간 커졌다,약간 적어졌다,약간 적어졌다,약간 커졌다,예전과 비슷하다,많이 커졌다,약간 커졌다,약간 커졌다,약간 커졌다
425937,20220103,M,20대,대구광역시,500이상700만원 미만,많이 적어졌다,많이 적어졌다,많이 적어졌다,많이 적어졌다,많이 적어졌다,많이 적어졌다,많이 적어졌다,많이 적어졌다,많이 적어졌다,많이 적어졌다,많이 적어졌다
3203211,20220103,M,50대,인천광역시,700만원 이상,예전과 비슷하다,예전과 비슷하다,약간 커졌다,예전과 비슷하다,예전과 비슷하다,예전과 비슷하다,예전과 비슷하다,예전과 비슷하다,예전과 비슷하다,약간 커졌다,약간 커졌다
74481,20220103,M,40대,경상남도,700만원 이상,많이 적어졌다,많이 적어졌다,예전과 비슷하다,예전과 비슷하다,예전과 비슷하다,예전과 비슷하다,예전과 비슷하다,예전과 비슷하다,예전과 비슷하다,약간 커졌다,약간 커졌다
385957,20220103,F,20대,부산광역시,모름,약간 커졌다,약간 커졌다,예전과 비슷하다,약간 커졌다,예전과 비슷하다,약간 커졌다,약간 커졌다,예전과 비슷하다,예전과 비슷하다,예전과 비슷하다,약간 커졌다
26561,20220103,M,60대,경상남도,300만원 미만,예전과 비슷하다,예전과 비슷하다,약간 적어졌다,약간 적어졌다,약간 적어졌다,예전과 비슷하다,약간 적어졌다,약간 적어졌다,약간 적어졌다,약간 적어졌다,약간 적어졌다
365396,20220103,F,30대,대전광역시,모름,많이 커졌다,약간 커졌다,많이 커졌다,예전과 비슷하다,예전과 비슷하다,예전과 비슷하다,약간 커졌다,예전과 비슷하다,예전과 비슷하다,예전과 비슷하다,많이 커졌다
382391,20220103,M,40대,인천광역시,700만원 이상,예전과 비슷하다,예전과 비슷하다,예전과 비슷하다,예전과 비슷하다,예전과 비슷하다,예전과 비슷하다,예전과 비슷하다,예전과 비슷하다,예전과 비슷하다,예전과 비슷하다,예전과 비슷하다
3203610,20220103,M,30대,충청남도(세종시 포함),500이상700만원 미만,약간 커졌다,예전과 비슷하다,많이 커졌다,약간 적어졌다,약간 적어졌다,약간 적어졌다,약간 적어졌다,약간 적어졌다,약간 적어졌다,많이 커졌다,많이 커졌다
365095,20220103,M,40대,대전광역시,300이상500만원 미만,약간 커졌다,예전과 비슷하다,약간 커졌다,예전과 비슷하다,예전과 비슷하다,약간 커졌다,약간 커졌다,약간 커졌다,약간 커졌다,많이 커졌다,많이 커졌다
3021686,20220103,M,40대,인천광역시,300이상500만원 미만,많이 적어졌다,많이 적어졌다,약간 적어졌다,많이 적어졌다,많이 적어졌다,많이 적어졌다,많이 적어졌다,많이 적어졌다,많이 적어졌다,약간 적어졌다,예전과 비슷하다
1155150,20220103,M,30대,충청북도,300이상500만원 미만,예전과 비슷하다,예전과 비슷하다,예전과 비슷하다,예전과 비슷하다,예전과 비슷하다,예전과 비슷하다,예전과 비슷하다,예전과 비슷하다,예전과 비슷하다,약간 커졌다,많이 커졌다
191268,20220103,M,40대,대전광역시,500이상700만원 미만,예전과 비슷하다,예전과 비슷하다,예전과 비슷하다,예전과 비슷하다,예전과 비슷하다,예전과 비슷하다,예전과 비슷하다,예전과 비슷하다,예전과 비슷하다,예전과 비슷하다,약간 커졌다
420004,20220103,M,50대,경상남도,300이상500만원 미만,예전과 비슷하다,예전과 비슷하다,예전과 비슷하다,예전과 비슷하다,예전과 비슷하다,예전과 비슷하다,예전과 비슷하다,예전과 비슷하다,예전과 비슷하다,예전과 비슷하다,예전과 비슷하다
408667,20220103,F,20대,강원도,500이상700만원 미만,많이 적어졌다,약간 적어졌다,약간 적어졌다,약간 적어졌다,약간 적어졌다,약간 적어졌다,약간 적어졌다,약간 적어졌다,약간 적어졌다,예전과 비슷하다,예전과 비슷하다
444108,20220103,F,30대,인천광역시,500이상700만원 미만,예전과 비슷하다,약간 커졌다,약간 커졌다,예전과 비슷하다,예전과 비슷하다,약간 커졌다,예전과 비슷하다,예전과 비슷하다,예전과 비슷하다,많이 커졌다,약간 커졌다
33104,20220103,M,50대,광주광역시,700만원 이상,예전과 비슷하다,예전과 비슷하다,약간 커졌다,예전과 비슷하다,약간 커졌다,예전과 비슷하다,약간 커졌다,약간 커졌다,예전과 비슷하다,약간 커졌다,예전과 비슷하다
415986,20220103,F,30대,울산광역시,300이상500만원 미만,예전과 비슷하다,예전과 비슷하다,예전과 비슷하다,예전과 비슷하다,예전과 비슷하다,예전과 비슷하다,예전과 비슷하다,예전과 비슷하다,예전과 비슷하다,예전과 비슷하다,약간 적어졌다
59716,20220103,M,60대,전라남도,500이상700만원 미만,많이 적어졌다,많이 적어졌다,약간 커졌다,예전과 비슷하다,예전과 비슷하다,많이 적어졌다,많이 적어졌다,약간 커졌다,약간 커졌다,예전과 비슷하다,예전과 비슷하다
3168852,20220103,M,40대,충청북도,700만원 이상,예전과 비슷하다,예전과 비슷하다,약간 커졌다,예전과 비슷하다,예전과 비슷하다,예전과 비슷하다,약간 커졌다,예전과 비슷하다,예전과 비슷하다,많이 커졌다,많이 커졌다
3172277,20220103,M,20대,대전광역시,700만원 이상,약간 커졌다,많이 커졌다,약간 커졌다,약간 적어졌다,약간 적어졌다,예전과 비슷하다,예전과 비슷하다,약간 커졌다,약간 커졌다,약간 커졌다,예전과 비슷하다
139269,20220103,M,40대,부산광역시,700만원 이상,약간 커졌다,약간 적어졌다,예전과 비슷하다,예전과 비슷하다,예전과 비슷하다,예전과 비슷하다,예전과 비슷하다,예전과 비슷하다,예전과 비슷하다,예전과 비슷하다,많이 커졌다
307281,20220103,F,30대,부산광역시,300만원 미만,약간 적어졌다,약간 적어졌다,예전과 비슷하다,예전과 비슷하다,예전과 비슷하다,예전과 비슷하다,예전과 비슷하다,예전과 비슷하다,예전과 비슷하다,예전과 비슷하다,약간 커졌다
405032,20220103,M,60대,인천광역시,300이상500만원 미만,예전과 비슷하다,예전과 비슷하다,예전과 비슷하다,예전과 비슷하다,예전과 비슷하다,예전과 비슷하다,예전과 비슷하다,예전과 비슷하다,예전과 비슷하다,예전과 비슷하다,예전과 비슷하다
414713,20220103,F,40대,대구광역시,300이상500만원 미만,약간 적어졌다,많이 적어졌다,많이 적어졌다,많이 적어졌다,많이 적어졌다,많이 적어졌다,약간 적어졌다,많이 적어졌다,많이 적어졌다,많이 적어졌다,많이 적어졌다
410713,20220103,M,50대,강원도,300이상500만원 미만,약간 커졌다,예전과 비슷하다,예전과 비슷하다,예전과 비슷하다,예전과 비슷하다,예전과 비슷하다,예전과 비슷하다,예전과 비슷하다,예전과 비슷하다,약간 커졌다,약간 커졌다
3011124,20220103,F,20대,전라북도,300만원 미만,예전과 비슷하다,예전과 비슷하다,약간 커졌다,예전과 비슷하다,예전과 비슷하다,예전과 비슷하다,예전과 비슷하다,예전과 비슷하다,예전과 비슷하다,예전과 비슷하다,약간 커졌다
2790226,20220103,M,40대,충청북도,500이상700만원 미만,많이 커졌다,약간 커졌다,약간 커졌다,많이 커졌다,약간 커졌다,약간 커졌다,많이 커졌다,약간 커졌다,많이 커졌다,많이 커졌다,예전과 비슷하다
3223806,20220103,M,30대,인천광역시,300이상500만원 미만,예전과 비슷하다,예전과 비슷하다,많이 커졌다,많이 커졌다,많이 커졌다,많이 커졌다,많이 커졌다,많이 커졌다,많이 커졌다,많이 커졌다,많이 커졌다
12031,20220103,M,50대,부산광역시,500이상700만원 미만,약간 적어졌다,예전과 비슷하다,예전과 비슷하다,예전과 비슷하다,예전과 비슷하다,예전과 비슷하다,약간 커졌다,약간 커졌다,약간 커졌다,약간 커졌다,많이 커졌다
442716,20220103,M,20대,대전광역시,500이상700만원 미만,약간 커졌다,예전과 비슷하다,약간 적어졌다,약간 적어졌다,약간 적어졌다,약간 적어졌다,약간 적어졌다,약간 적어졌다,약간 적어졌다,약간 적어졌다,약간 적어졌다
445890,20220103,F,50대,충청남도(세종시 포함),500이상700만원 미만,예전과 비슷하다,예전과 비슷하다,약간 적어졌다,예전과 비슷하다,예전과 비슷하다,예전과 비슷하다,약간 적어졌다,약간 적어졌다,약간 적어졌다,약간 적어졌다,약간 적어졌다
444024,20220103,F,20대,경상북도,300이상500만원 미만,많이 적어졌다,약간 적어졌다,약간 커졌다,예전과 비슷하다,예전과 비슷하다,예전과 비슷하다,약간 적어졌다,예전과 비슷하다,예전과 비슷하다,약간 커졌다,많이 커졌다
440050,20220103,F,30대,부산광역시,500이상700만원 미만,예전과 비슷하다,예전과 비슷하다,예전과 비슷하다,예전과 비슷하다,약간 커졌다,약간 커졌다,많이 커졌다,약간 커졌다,약간 커졌다,많이 커졌다,약간 커졌다
385335,20220103,M,40대,강원도,300이상500만원 미만,많이 커졌다,예전과 비슷하다,많이 커졌다,약간 적어졌다,예전과 비슷하다,많이 커졌다,약간 커졌다,많이 커졌다,많이 커졌다,약간 적어졌다,많이 커졌다
1948,20220103,M,50대,인천광역시,300이상500만원 미만,예전과 비슷하다,예전과 비슷하다,예전과 비슷하다,예전과 비슷하다,예전과 비슷하다,약간 적어졌다,약간 적어졌다,예전과 비슷하다,예전과 비슷하다,예전과 비슷하다,약간 적어졌다
445472,20220103,F,20대,충청북도,300이상500만원 미만,많이 커졌다,약간 커졌다,약간 커졌다,예전과 비슷하다,예전과 비슷하다,약간 적어졌다,예전과 비슷하다,약간 커졌다,약간 커졌다,약간 커졌다,많이 커졌다
1689010,20220103,M,30대,울산광역시,700만원 이상,예전과 비슷하다,예전과 비슷하다,예전과 비슷하다,예전과 비슷하다,예전과 비슷하다,약간 커졌다,약간 적어졌다,많이 적어졌다,예전과 비슷하다,예전과 비슷하다,예전과 비슷하다
337491,20220103,M,30대,인천광역시,700만원 이상,예전과 비슷하다,약간 적어졌다,약간 커졌다,약간 커졌다,예전과 비슷하다,예전과 비슷하다,예전과 비슷하다,예전과 비슷하다,예전과 비슷하다,약간 커졌다,많이 커졌다
262667,20220103,M,60대,경상북도,300이상500만원 미만,약간 커졌다,예전과 비슷하다,약간 적어졌다,약간 적어졌다,약간 적어졌다,약간 적어졌다,예전과 비슷하다,예전과 비슷하다,약간 적어졌다,약간 적어졌다,약간 적어졌다
445893,20220103,M,20대,인천광역시,300이상500만원 미만,약간 커졌다,약간 적어졌다,예전과 비슷하다,예전과 비슷하다,약간 커졌다,약간 적어졌다,예전과 비슷하다,약간 커졌다,많이 커졌다,예전과 비슷하다,약간 커졌다
307094,20220103,F,30대,충청남도(세종시 포함),300만원 미만,약간 커졌다,예전과 비슷하다,약간 커졌다,예전과 비슷하다,예전과 비슷하다,예전과 비슷하다,예전과 비슷하다,예전과 비슷하다,약간 커졌다,약간 커졌다,많이 커졌다
233839,20220103,M,50대,인천광역시,300이상500만원 미만,예전과 비슷하다,예전과 비슷하다,약간 커졌다,약간 커졌다,약간 커졌다,예전과 비슷하다,예전과 비슷하다,많이 커졌다,약간 커졌다,약간 커졌다,많이 커졌다
3044927,20220103,F,20대,울산광역시,700만원 이상,약간 커졌다,예전과 비슷하다,예전과 비슷하다,약간 커졌다,약간 커졌다,예전과 비슷하다,예전과 비슷하다,약간 커졌다,약간 커졌다,예전과 비슷하다,약간 적어졌다
411299,20220103,M,20대,대구광역시,300이상500만원 미만,많이 커졌다,예전과 비슷하다,많이 커졌다,예전과 비슷하다,약간 커졌다,예전과 비슷하다,예전과 비슷하다,예전과 비슷하다,예전과 비슷하다,약간 적어졌다,많이 커졌다
445759,20220103,F,20대,부산광역시,300만원 미만,많이 커졌다,많이 커졌다,많이 커졌다,예전과 비슷하다,예전과 비슷하다,많이 커졌다,많이 커졌다,많이 적어졌다,많이 적어졌다,많이 커졌다,많이 커졌다
390330,20220103,M,30대,경상남도,500이상700만원 미만,많이 적어졌다,많이 적어졌다,예전과 비슷하다,많이 적어졌다,많이 적어졌다,예전과 비슷하다,많이 적어졌다,많이 적어졌다,많이 적어졌다,예전과 비슷하다,예전과 비슷하다
390172,20220103,F,30대,대구광역시,300이상500만원 미만,약간 적어졌다,약간 적어졌다,예전과 비슷하다,예전과 비슷하다,예전과 비슷하다,예전과 비슷하다,예전과 비슷하다,예전과 비슷하다,예전과 비슷하다,약간 커졌다,약간 커졌다
438288,20220103,F,40대,강원도,300이상500만원 미만,약간 커졌다,약간 커졌다,예전과 비슷하다,예전과 비슷하다,예전과 비슷하다,약간 커졌다,약간 커졌다,약간 커졌다,약간 커졌다,약간 커졌다,예전과 비슷하다
402870,20220103,F,50대,인천광역시,700만원 이상,예전과 비슷하다,많이 적어졌다,많이 커졌다,많이 커졌다,많이 커졌다,많이 커졌다,많이 커졌다,많이 커졌다,많이 커졌다,예전과 비슷하다,많이 커졌다
254654,20220103,M,40대,경상남도,700만원 이상,약간 커졌다,약간 커졌다,많이 커졌다,예전과 비슷하다,약간 커졌다,많이 커졌다,약간 커졌다,약간 커졌다,약간 커졌다,약간 커졌다,많이 커졌다
366451,20220103,F,20대,전라북도,700만원 이상,약간 커졌다,많이 커졌다,많이 커졌다,예전과 비슷하다,예전과 비슷하다,약간 커졌다,약간 커졌다,예전과 비슷하다,예전과 비슷하다,예전과 비슷하다,많이 커졌다
271120,20220103,F,20대,대구광역시,300만원 미만,약간 적어졌다,약간 적어졌다,약간 커졌다,예전과 비슷하다,예전과 비슷하다,예전과 비슷하다,예전과 비슷하다,예전과 비슷하다,예전과 비슷하다,약간 커졌다,많이 커졌다
348460,20220103,M,40대,경상남도,300만원 미만,약간 커졌다,약간 커졌다,약간 커졌다,예전과 비슷하다,약간 적어졌다,예전과 비슷하다,약간 적어졌다,약간 적어졌다,약간 적어졌다,약간 적어졌다,약간 커졌다
3152952,20220103,M,60대,대전광역시,500이상700만원 미만,예전과 비슷하다,예전과 비슷하다,예전과 비슷하다,예전과 비슷하다,예전과 비슷하다,예전과 비슷하다,예전과 비슷하다,예전과 비슷하다,예전과 비슷하다,예전과 비슷하다,예전과 비슷하다
370870,20220103,M,50대,부산광역시,700만원 이상,예전과 비슷하다,예전과 비슷하다,예전과 비슷하다,예전과 비슷하다,예전과 비슷하다,예전과 비슷하다,약간 커졌다,많이 커졌다,약간 커졌다,약간 커졌다,많이 커졌다
421678,20220103,F,40대,울산광역시,300만원 미만,약간 커졌다,약간 커졌다,약간 커졌다,예전과 비슷하다,예전과 비슷하다,예전과 비슷하다,예전과 비슷하다,예전과 비슷하다,예전과 비슷하다,약간 커졌다,약간 커졌다
3187022,20220103,M,60대,강원도,300만원 미만,예전과 비슷하다,예전과 비슷하다,예전과 비슷하다,예전과 비슷하다,약간 커졌다,약간 커졌다,약간 커졌다,약간 커졌다,약간 커졌다,예전과 비슷하다,많이 커졌다
182654,20220103,F,30대,대구광역시,300이상500만원 미만,약간 적어졌다,약간 적어졌다,예전과 비슷하다,약간 적어졌다,약간 적어졌다,예전과 비슷하다,예전과 비슷하다,약간 적어졌다,약간 적어졌다,예전과 비슷하다,약간 커졌다
382232,20220103,F,60대,충청남도(세종시 포함),500이상700만원 미만,예전과 비슷하다,예전과 비슷하다,예전과 비슷하다,예전과 비슷하다,약간 커졌다,예전과 비슷하다,예전과 비슷하다,예전과 비슷하다,약간 커졌다,많이 커졌다,예전과 비슷하다
365360,20220103,M,30대,부산광역시,300만원 미만,약간 적어졌다,예전과 비슷하다,예전과 비슷하다,약간 적어졌다,약간 적어졌다,예전과 비슷하다,약간 커졌다,약간 커졌다,예전과 비슷하다,약간 커졌다,약간 커졌다
223516,20220103,F,40대,제주도,500이상700만원 미만,약간 커졌다,약간 커졌다,약간 커졌다,예전과 비슷하다,약간 적어졌다,예전과 비슷하다,예전과 비슷하다,약간 적어졌다,예전과 비슷하다,약간 커졌다,약간 커졌다
280938,20220103,M,50대,대구광역시,500이상700만원 미만,예전과 비슷하다,약간 커졌다,약간 커졌다,예전과 비슷하다,예전과 비슷하다,예전과 비슷하다,약간 적어졌다,예전과 비슷하다,예전과 비슷하다,약간 커졌다,약간 커졌다
408292,20220103,M,40대,충청남도(세종시 포함),300이상500만원 미만,많이 적어졌다,많이 적어졌다,많이 적어졌다,많이 적어졌다,많이 적어졌다,많이 적어졌다,많이 적어졌다,많이 적어졌다,많이 적어졌다,많이 적어졌다,많이 적어졌다
30639,20220103,F,40대,부산광역시,300이상500만원 미만,많이 커졌다,약간 커졌다,약간 커졌다,약간 커졌다,약간 커졌다,약간 커졌다,많이 커졌다,약간 커졌다,약간 커졌다,많이 커졌다,많이 커졌다
221157,20220103,F,30대,광주광역시,300만원 미만,많이 적어졌다,많이 적어졌다,많이 적어졌다,많이 적어졌다,많이 적어졌다,많이 적어졌다,많이 적어졌다,예전과 비슷하다,많이 적어졌다,많이 적어졌다,많이 적어졌다
440444,20220103,F,40대,인천광역시,300만원 미만,많이 커졌다,약간 커졌다,많이 커졌다,약간 커졌다,예전과 비슷하다,약간 커졌다,예전과 비슷하다,약간 커졌다,약간 커졌다,약간 커졌다,많이 커졌다
396346,20220103,F,30대,대구광역시,300이상500만원 미만,예전과 비슷하다,약간 커졌다,약간 커졌다,예전과 비슷하다,예전과 비슷하다,예전과 비슷하다,예전과 비슷하다,약간 적어졌다,예전과 비슷하다,예전과 비슷하다,약간 커졌다
177766,20220103,M,50대,대구광역시,300만원 미만,예전과 비슷하다,예전과 비슷하다,예전과 비슷하다,예전과 비슷하다,예전과 비슷하다,약간 커졌다,약간 커졌다,예전과 비슷하다,예전과 비슷하다,약간 커졌다,예전과 비슷하다
47071,20220103,M,40대,인천광역시,700만원 이상,약간 적어졌다,예전과 비슷하다,예전과 비슷하다,약간 적어졌다,약간 적어졌다,약간 적어졌다,약간 적어졌다,약간 적어졌다,약간 적어졌다,약간 커졌다,약간 커졌다
3221496,20220103,M,40대,경상북도,300이상500만원 미만,예전과 비슷하다,예전과 비슷하다,예전과 비슷하다,예전과 비슷하다,예전과 비슷하다,예전과 비슷하다,예전과 비슷하다,예전과 비슷하다,예전과 비슷하다,약간 커졌다,약간 커졌다
3225031,20220103,F,60대,대전광역시,300이상500만원 미만,약간 적어졌다,예전과 비슷하다,예전과 비슷하다,예전과 비슷하다,예전과 비슷하다,예전과 비슷하다,예전과 비슷하다,예전과 비슷하다,예전과 비슷하다,약간 커졌다,약간 커졌다
3127636,20220103,M,20대,대구광역시,모름,예전과 비슷하다,예전과 비슷하다,약간 커졌다,예전과 비슷하다,예전과 비슷하다,예전과 비슷하다,예전과 비슷하다,예전과 비슷하다,예전과 비슷하다,예전과 비슷하다,약간 커졌다
3104190,20220103,F,20대,경상남도,700만원 이상,약간 커졌다,예전과 비슷하다,약간 커졌다,예전과 비슷하다,예전과 비슷하다,약간 커졌다,약간 커졌다,예전과 비슷하다,예전과 비슷하다,약간 커졌다,약간 커졌다
371887,20220103,M,60대,강원도,300이상500만원 미만,예전과 비슷하다,약간 적어졌다,약간 적어졌다,약간 적어졌다,예전과 비슷하다,약간 커졌다,예전과 비슷하다,약간 커졌다,많이 적어졌다,많이 커졌다,약간 커졌다
41432,20220103,M,50대,경상남도,700만원 이상,예전과 비슷하다,예전과 비슷하다,예전과 비슷하다,많이 커졌다,많이 커졌다,예전과 비슷하다,예전과 비슷하다,약간 커졌다,예전과 비슷하다,예전과 비슷하다,약간 커졌다
132866,20220103,F,50대,광주광역시,500이상700만원 미만,예전과 비슷하다,약간 적어졌다,약간 커졌다,예전과 비슷하다,예전과 비슷하다,약간 적어졌다,약간 적어졌다,예전과 비슷하다,예전과 비슷하다,약간 커졌다,많이 커졌다
154186,20220103,M,50대,울산광역시,700만원 이상,많이 적어졌다,많이 적어졌다,많이 적어졌다,많이 적어졌다,많이 적어졌다,많이 적어졌다,약간 적어졌다,약간 적어졌다,예전과 비슷하다,많이 커졌다,많이 커졌다
2847936,20220103,F,40대,대전광역시,500이상700만원 미만,많이 커졌다,많이 커졌다,약간 커졌다,예전과 비슷하다,예전과 비슷하다,많이 커졌다,많이 커졌다,예전과 비슷하다,예전과 비슷하다,많이 커졌다,많이 커졌다
153190,20220103,M,40대,인천광역시,300이상500만원 미만,예전과 비슷하다,예전과 비슷하다,많이 커졌다,약간 커졌다,약간 커졌다,약간 커졌다,약간 커졌다,많이 커졌다,약간 커졌다,예전과 비슷하다,많이 커졌다
444274,20220103,M,50대,충청남도(세종시 포함),700만원 이상,많이 적어졌다,예전과 비슷하다,예전과 비슷하다,예전과 비슷하다,예전과 비슷하다,예전과 비슷하다,예전과 비슷하다,예전과 비슷하다,예전과 비슷하다,많이 커졌다,약간 커졌다
33714,20220103,F,50대,울산광역시,500이상700만원 미만,약간 커졌다,약간 커졌다,약간 커졌다,약간 커졌다,약간 커졌다,예전과 비슷하다,약간 커졌다,약간 커졌다,약간 커졌다,많이 커졌다,많이 커졌다
341099,20220103,F,40대,부산광역시,300이상500만원 미만,약간 커졌다,예전과 비슷하다,예전과 비슷하다,예전과 비슷하다,예전과 비슷하다,예전과 비슷하다,예전과 비슷하다,예전과 비슷하다,예전과 비슷하다,예전과 비슷하다,약간 커졌다
364935,20220103,F,40대,경상북도,500이상700만원 미만,많이 커졌다,약간 적어졌다,많이 커졌다,예전과 비슷하다,예전과 비슷하다,예전과 비슷하다,예전과 비슷하다,약간 커졌다,약간 커졌다,많이 커졌다,많이 커졌다
126075,20220103,F,40대,부산광역시,300이상500만원 미만,많이 적어졌다,많이 적어졌다,많이 적어졌다,많이 적어졌다,많이 적어졌다,많이 적어졌다,많이 적어졌다,많이 적어졌다,많이 적어졌다,많이 적어졌다,많이 적어졌다
82638,20220103,F,40대,경상남도,500이상700만원 미만,예전과 비슷하다,예전과 비슷하다,예전과 비슷하다,예전과 비슷하다,예전과 비슷하다,예전과 비슷하다,예전과 비슷하다,예전과 비슷하다,예전과 비슷하다,약간 커졌다,약간 커졌다
344763,20220103,F,30대,경상남도,500이상700만원 미만,많이 적어졌다,많이 적어졌다,예전과 비슷하다,많이 적어졌다,많이 적어졌다,약간 커졌다,약간 커졌다,많이 적어졌다,많이 적어졌다,많이 적어졌다,많이 적어졌다
2931013,20220103,F,30대,울산광역시,500이상700만원 미만,많이 커졌다,많이 커졌다,많이 커졌다,약간 커졌다,약간 커졌다,예전과 비슷하다,예전과 비슷하다,약간 커졌다,약간 커졌다,많이 커졌다,많이 커졌다
2945451,20220103,M,30대,경상북도,700만원 이상,예전과 비슷하다,약간 커졌다,약간 커졌다,예전과 비슷하다,예전과 비슷하다,예전과 비슷하다,약간 적어졌다,예전과 비슷하다,예전과 비슷하다,약간 커졌다,많이 커졌다
3168482,20220103,F,50대,충청남도(세종시 포함),500이상700만원 미만,많이 적어졌다,많이 적어졌다,많이 적어졌다,많이 적어졌다,많이 적어졌다,많이 적어졌다,많이 적어졌다,많이 적어졌다,많이 적어졌다,많이 적어졌다,많이 적어졌다
3202476,20220103,F,30대,충청북도,모름,예전과 비슷하다,예전과 비슷하다,예전과 비슷하다,예전과 비슷하다,예전과 비슷하다,예전과 비슷하다,예전과 비슷하다,예전과 비슷하다,예전과 비슷하다,예전과 비슷하다,약간 커졌다
425119,20220103,M,20대,부산광역시,300이상500만원 미만,예전과 비슷하다,약간 적어졌다,예전과 비슷하다,예전과 비슷하다,예전과 비슷하다,예전과 비슷하다,약간 적어졌다,약간 적어졌다,약간 적어졌다,예전과 비슷하다,예전과 비슷하다
411469,20220103,F,60대,부산광역시,700만원 이상,예전과 비슷하다,예전과 비슷하다,약간 커졌다,예전과 비슷하다,예전과 비슷하다,예전과 비슷하다,예전과 비슷하다,약간 커졌다,약간 적어졌다,약간 커졌다,약간 커졌다
3182994,20220103,F,40대,충청북도,500이상700만원 미만,약간 적어졌다,약간 적어졌다,약간 커졌다,예전과 비슷하다,예전과 비슷하다,약간 커졌다,약간 적어졌다,많이 커졌다,많이 커졌다,예전과 비슷하다,많이 커졌다
3190836,20220103,F,40대,부산광역시,300만원 미만,예전과 비슷하다,예전과 비슷하다,예전과 비슷하다,예전과 비슷하다,예전과 비슷하다,예전과 비슷하다,예전과 비슷하다,예전과 비슷하다,예전과 비슷하다,예전과 비슷하다,많이 커졌다
1107425,20220103,F,50대,경상남도,300이상500만원 미만,예전과 비슷하다,예전과 비슷하다,예전과 비슷하다,예전과 비슷하다,예전과 비슷하다,예전과 비슷하다,예전과 비슷하다,예전과 비슷하다,예전과 비슷하다,예전과 비슷하다,약간 커졌다
351849,20220103,F,50대,대구광역시,500이상700만원 미만,약간 커졌다,약간 커졌다,예전과 비슷하다,예전과 비슷하다,예전과 비슷하다,예전과 비슷하다,약간 커졌다,약간 커졌다,약간 커졌다,약간 커졌다,약간 커졌다
350641,20220103,F,40대,부산광역시,300이상500만원 미만,예전과 비슷하다,예전과 비슷하다,예전과 비슷하다,예전과 비슷하다,예전과 비슷하다,예전과 비슷하다,예전과 비슷하다,예전과 비슷하다,예전과 비슷하다,예전과 비슷하다,예전과 비슷하다
416512,20220103,M,30대,충청남도(세종시 포함),300이상500만원 미만,예전과 비슷하다,예전과 비슷하다,많이 커졌다,예전과 비슷하다,예전과 비슷하다,약간 적어졌다,약간 커졌다,약간 커졌다,약간 커졌다,약간 커졌다,많이 커졌다
428274,20220103,F,50대,전라북도,700만원 이상,예전과 비슷하다,예전과 비슷하다,약간 커졌다,예전과 비슷하다,약간 커졌다,약간 커졌다,약간 커졌다,예전과 비슷하다,약간 커졌다,약간 커졌다,많이 커졌다
361815,20220103,F,60대,경상북도,500이상700만원 미만,약간 적어졌다,예전과 비슷하다,예전과 비슷하다,예전과 비슷하다,예전과 비슷하다,약간 적어졌다,약간 적어졌다,약간 커졌다,약간 커졌다,약간 커졌다,약간 커졌다
2911074,20220103,F,30대,전라남도,500이상700만원 미만,약간 커졌다,약간 적어졌다,많이 커졌다,약간 적어졌다,약간 적어졌다,많이 적어졌다,많이 적어졌다,약간 커졌다,약간 적어졌다,예전과 비슷하다,많이 커졌다
415866,20220103,M,20대,충청남도(세종시 포함),300이상500만원 미만,예전과 비슷하다,약간 커졌다,약간 커졌다,예전과 비슷하다,약간 커졌다,예전과 비슷하다,약간 적어졌다,약간 적어졌다,약간 커졌다,예전과 비슷하다,예전과 비슷하다
413495,20220103,F,40대,전라북도,700만원 이상,약간 커졌다,예전과 비슷하다,약간 커졌다,예전과 비슷하다,약간 커졌다,약간 커졌다,예전과 비슷하다,예전과 비슷하다,예전과 비슷하다,약간 커졌다,예전과 비슷하다
45487,20220103,F,30대,경상남도,300만원 미만,많이 적어졌다,약간 적어졌다,약간 적어졌다,예전과 비슷하다,예전과 비슷하다,예전과 비슷하다,예전과 비슷하다,예전과 비슷하다,예전과 비슷하다,약간 커졌다,약간 커졌다
420732,20220103,F,50대,전라북도,700만원 이상,예전과 비슷하다,약간 커졌다,약간 커졌다,예전과 비슷하다,약간 커졌다,예전과 비슷하다,약간 커졌다,약간 커졌다,많이 적어졌다,많이 커졌다,약간 적어졌다
368063,20220103,M,50대,충청북도,500이상700만원 미만,예전과 비슷하다,많이 적어졌다,약간 적어졌다,많이 적어졌다,많이 적어졌다,많이 적어졌다,많이 적어졌다,예전과 비슷하다,약간 적어졌다,예전과 비슷하다,예전과 비슷하다
1532489,20220103,F,50대,경상북도,700만원 이상,약간 적어졌다,약간 적어졌다,약간 적어졌다,약간 적어졌다,약간 적어졌다,약간 적어졌다,많이 적어졌다,약간 적어졌다,약간 적어졌다,예전과 비슷하다,예전과 비슷하다
193580,20220103,M,40대,충청북도,300만원 미만,예전과 비슷하다,예전과 비슷하다,약간 커졌다,예전과 비슷하다,예전과 비슷하다,예전과 비슷하다,예전과 비슷하다,예전과 비슷하다,예전과 비슷하다,예전과 비슷하다,약간 커졌다
318111,20220103,M,50대,경상남도,300만원 미만,많이 적어졌다,많이 적어졌다,예전과 비슷하다,많이 적어졌다,많이 적어졌다,예전과 비슷하다,약간 적어졌다,약간 적어졌다,많이 적어졌다,많이 적어졌다,많이 적어졌다
27419,20220103,F,50대,충청남도(세종시 포함),700만원 이상,예전과 비슷하다,예전과 비슷하다,예전과 비슷하다,예전과 비슷하다,예전과 비슷하다,예전과 비슷하다,예전과 비슷하다,예전과 비슷하다,예전과 비슷하다,약간 커졌다,약간 커졌다
53744,20220103,F,60대,충청남도(세종시 포함),500이상700만원 미만,많이 적어졌다,많이 적어졌다,많이 적어졌다,약간 적어졌다,많이 적어졌다,많이 적어졌다,많이 적어졌다,많이 적어졌다,많이 적어졌다,약간 적어졌다,많이 적어졌다
408880,20220103,M,60대,충청북도,500이상700만원 미만,예전과 비슷하다,예전과 비슷하다,약간 커졌다,약간 적어졌다,많이 적어졌다,예전과 비슷하다,예전과 비슷하다,예전과 비슷하다,예전과 비슷하다,약간 커졌다,예전과 비슷하다
422070,20220103,F,50대,경상북도,700만원 이상,예전과 비슷하다,예전과 비슷하다,예전과 비슷하다,예전과 비슷하다,예전과 비슷하다,예전과 비슷하다,예전과 비슷하다,예전과 비슷하다,예전과 비슷하다,약간 적어졌다,약간 적어졌다
12060,20220103,M,60대,경상북도,700만원 이상,약간 적어졌다,약간 적어졌다,많이 커졌다,약간 커졌다,예전과 비슷하다,약간 커졌다,예전과 비슷하다,예전과 비슷하다,예전과 비슷하다,예전과 비슷하다,예전과 비슷하다
428283,20220103,M,50대,경상북도,모름,많이 적어졌다,약간 적어졌다,많이 커졌다,약간 커졌다,예전과 비슷하다,약간 커졌다,약간 커졌다,예전과 비슷하다,예전과 비슷하다,예전과 비슷하다,많이 커졌다
216319,20220103,F,50대,경상남도,300이상500만원 미만,약간 적어졌다,예전과 비슷하다,약간 적어졌다,약간 적어졌다,예전과 비슷하다,예전과 비슷하다,예전과 비슷하다,예전과 비슷하다,예전과 비슷하다,예전과 비슷하다,약간 적어졌다
296731,20220103,F,20대,대전광역시,300이상500만원 미만,약간 커졌다,약간 커졌다,약간 커졌다,약간 커졌다,예전과 비슷하다,약간 커졌다,약간 커졌다,예전과 비슷하다,예전과 비슷하다,예전과 비슷하다,약간 커졌다
246798,20220103,M,30대,강원도,300이상500만원 미만,많이 적어졌다,많이 적어졌다,많이 커졌다,많이 적어졌다,많이 적어졌다,예전과 비슷하다,예전과 비슷하다,예전과 비슷하다,예전과 비슷하다,예전과 비슷하다,예전과 비슷하다
381471,20220103,M,20대,제주도,300이상500만원 미만,많이 커졌다,약간 커졌다,예전과 비슷하다,많이 적어졌다,예전과 비슷하다,약간 적어졌다,약간 적어졌다,약간 적어졌다,약간 적어졌다,약간 적어졌다,예전과 비슷하다
2530947,20220103,F,60대,전라북도,500이상700만원 미만,많이 적어졌다,약간 적어졌다,예전과 비슷하다,예전과 비슷하다,약간 적어졌다,약간 적어졌다,약간 적어졌다,약간 커졌다,약간 커졌다,예전과 비슷하다,약간 커졌다
48779,20220103,F,40대,경상북도,300이상500만원 미만,약간 적어졌다,예전과 비슷하다,약간 커졌다,약간 커졌다,약간 커졌다,약간 커졌다,예전과 비슷하다,약간 커졌다,약간 커졌다,약간 커졌다,약간 적어졌다
3127642,20220103,F,20대,광주광역시,300만원 미만,약간 커졌다,약간 커졌다,많이 커졌다,예전과 비슷하다,예전과 비슷하다,약간 커졌다,약간 커졌다,약간 커졌다,약간 커졌다,많이 커졌다,많이 커졌다
373414,20220103,M,60대,전라북도,300만원 미만,약간 적어졌다,약간 적어졌다,예전과 비슷하다,예전과 비슷하다,많이 적어졌다,약간 적어졌다,약간 커졌다,예전과 비슷하다,예전과 비슷하다,약간 커졌다,약간 커졌다
424575,20220103,M,20대,경상남도,700만원 이상,예전과 비슷하다,약간 커졌다,약간 커졌다,많이 커졌다,약간 적어졌다,약간 적어졌다,예전과 비슷하다,약간 적어졌다,많이 적어졌다,약간 커졌다,많이 커졌다
3000629,20220103,F,40대,경상남도,300이상500만원 미만,많이 적어졌다,많이 적어졌다,많이 적어졌다,많이 적어졌다,많이 적어졌다,많이 적어졌다,많이 적어졌다,많이 적어졌다,많이 적어졌다,많이 적어졌다,많이 적어졌다
406030,20220103,M,30대,전라북도,300만원 미만,예전과 비슷하다,예전과 비슷하다,약간 커졌다,예전과 비슷하다,예전과 비슷하다,예전과 비슷하다,예전과 비슷하다,예전과 비슷하다,예전과 비슷하다,약간 커졌다,약간 커졌다
404640,20220103,M,20대,경상북도,300이상500만원 미만,예전과 비슷하다,예전과 비슷하다,예전과 비슷하다,예전과 비슷하다,예전과 비슷하다,예전과 비슷하다,예전과 비슷하다,예전과 비슷하다,예전과 비슷하다,예전과 비슷하다,약간 커졌다
377767,20220103,F,60대,광주광역시,500이상700만원 미만,많이 적어졌다,예전과 비슷하다,약간 커졌다,예전과 비슷하다,예전과 비슷하다,약간 적어졌다,많이 적어졌다,약간 커졌다,예전과 비슷하다,예전과 비슷하다,약간 커졌다
100046,20220103,M,40대,경상북도,300만원 미만,많이 커졌다,약간 적어졌다,많이 커졌다,예전과 비슷하다,예전과 비슷하다,약간 커졌다,약간 커졌다,약간 적어졌다,약간 적어졌다,약간 적어졌다,많이 커졌다
369034,20220103,F,20대,경기도,500이상700만원 미만,약간 커졌다,약간 커졌다,약간 커졌다,약간 적어졌다,예전과 비슷하다,예전과 비슷하다,예전과 비슷하다,예전과 비슷하다,예전과 비슷하다,예전과 비슷하다,많이 커졌다
42030,20220103,M,50대,서울특별시,700만원 이상,예전과 비슷하다,약간 커졌다,약간 적어졌다,약간 커졌다,예전과 비슷하다,예전과 비슷하다,약간 적어졌다,예전과 비슷하다,예전과 비슷하다,예전과 비슷하다,약간 커졌다
428154,20220103,F,20대,경기도,700만원 이상,예전과 비슷하다,예전과 비슷하다,많이 커졌다,예전과 비슷하다,예전과 비슷하다,예전과 비슷하다,예전과 비슷하다,예전과 비슷하다,예전과 비슷하다,예전과 비슷하다,약간 커졌다
2945796,20220103,F,50대,경기도,300만원 미만,예전과 비슷하다,약간 커졌다,예전과 비슷하다,예전과 비슷하다,예전과 비슷하다,예전과 비슷하다,예전과 비슷하다,약간 적어졌다,약간 적어졌다,약간 커졌다,많이 커졌다
253990,20220103,M,30대,경기도,700만원 이상,예전과 비슷하다,예전과 비슷하다,예전과 비슷하다,예전과 비슷하다,예전과 비슷하다,예전과 비슷하다,예전과 비슷하다,예전과 비슷하다,예전과 비슷하다,예전과 비슷하다,예전과 비슷하다
37369,20220103,F,50대,서울특별시,700만원 이상,약간 적어졌다,예전과 비슷하다,예전과 비슷하다,예전과 비슷하다,약간 적어졌다,약간 적어졌다,약간 적어졌다,약간 적어졌다,약간 적어졌다,예전과 비슷하다,예전과 비슷하다
422515,20220103,M,50대,경기도,700만원 이상,많이 적어졌다,많이 적어졌다,많이 적어졌다,약간 커졌다,약간 적어졌다,약간 적어졌다,약간 적어졌다,약간 적어졌다,예전과 비슷하다,예전과 비슷하다,약간 적어졌다
333613,20220103,F,20대,경기도,700만원 이상,약간 커졌다,예전과 비슷하다,예전과 비슷하다,약간 커졌다,예전과 비슷하다,예전과 비슷하다,약간 커졌다,예전과 비슷하다,약간 커졌다,예전과 비슷하다,약간 커졌다
3072384,20220103,F,50대,경기도,500이상700만원 미만,약간 적어졌다,약간 적어졌다,약간 커졌다,약간 적어졌다,약간 적어졌다,약간 커졌다,약간 적어졌다,약간 커졌다,약간 적어졌다,약간 적어졌다,약간 커졌다
3194818,20220103,M,30대,경상북도,300이상500만원 미만,많이 커졌다,예전과 비슷하다,약간 커졌다,약간 커졌다,예전과 비슷하다,약간 커졌다,약간 커졌다,예전과 비슷하다,예전과 비슷하다,많이 커졌다,많이 커졌다
4933,20220103,M,50대,경기도,300이상500만원 미만,예전과 비슷하다,예전과 비슷하다,예전과 비슷하다,예전과 비슷하다,예전과 비슷하다,예전과 비슷하다,예전과 비슷하다,예전과 비슷하다,예전과 비슷하다,많이 커졌다,많이 커졌다
382610,20220103,F,20대,경기도,500이상700만원 미만,약간 커졌다,예전과 비슷하다,약간 커졌다,예전과 비슷하다,예전과 비슷하다,예전과 비슷하다,예전과 비슷하다,예전과 비슷하다,예전과 비슷하다,예전과 비슷하다,많이 커졌다
402670,20220103,F,20대,경기도,300이상500만원 미만,예전과 비슷하다,예전과 비슷하다,예전과 비슷하다,예전과 비슷하다,예전과 비슷하다,예전과 비슷하다,예전과 비슷하다,예전과 비슷하다,예전과 비슷하다,약간 커졌다,예전과 비슷하다
398664,20220103,M,30대,서울특별시,700만원 이상,예전과 비슷하다,예전과 비슷하다,약간 적어졌다,약간 적어졌다,예전과 비슷하다,예전과 비슷하다,약간 적어졌다,약간 적어졌다,예전과 비슷하다,예전과 비슷하다,예전과 비슷하다
445836,20220103,M,20대,서울특별시,700만원 이상,예전과 비슷하다,예전과 비슷하다,약간 커졌다,예전과 비슷하다,예전과 비슷하다,예전과 비슷하다,많이 커졌다,예전과 비슷하다,예전과 비슷하다,예전과 비슷하다,약간 커졌다
43420,20220103,M,40대,경기도,500이상700만원 미만,약간 적어졌다,약간 커졌다,많이 커졌다,예전과 비슷하다,예전과 비슷하다,약간 커졌다,약간 커졌다,약간 커졌다,예전과 비슷하다,많이 커졌다,예전과 비슷하다
369256,20220103,M,20대,서울특별시,모름,약간 커졌다,예전과 비슷하다,약간 적어졌다,예전과 비슷하다,약간 커졌다,약간 커졌다,예전과 비슷하다,예전과 비슷하다,예전과 비슷하다,예전과 비슷하다,예전과 비슷하다
1156380,20220103,M,50대,경기도,700만원 이상,약간 커졌다,약간 커졌다,많이 커졌다,예전과 비슷하다,예전과 비슷하다,예전과 비슷하다,예전과 비슷하다,많이 커졌다,많이 커졌다,많이 커졌다,많이 커졌다
436470,20220103,F,20대,경기도,700만원 이상,약간 커졌다,약간 커졌다,약간 커졌다,예전과 비슷하다,예전과 비슷하다,예전과 비슷하다,많이 커졌다,예전과 비슷하다,예전과 비슷하다,많이 커졌다,많이 커졌다
354508,20220103,M,30대,경기도,300만원 미만,예전과 비슷하다,예전과 비슷하다,예전과 비슷하다,예전과 비슷하다,예전과 비슷하다,예전과 비슷하다,예전과 비슷하다,예전과 비슷하다,예전과 비슷하다,예전과 비슷하다,예전과 비슷하다
300040,20220103,M,50대,경기도,700만원 이상,예전과 비슷하다,많이 커졌다,약간 커졌다,예전과 비슷하다,약간 적어졌다,약간 적어졌다,약간 커졌다,예전과 비슷하다,약간 적어졌다,약간 커졌다,약간 커졌다
259075,20220103,M,40대,경기도,500이상700만원 미만,예전과 비슷하다,약간 커졌다,약간 커졌다,예전과 비슷하다,예전과 비슷하다,예전과 비슷하다,예전과 비슷하다,예전과 비슷하다,예전과 비슷하다,약간 커졌다,약간 커졌다
68198,20220103,M,50대,서울특별시,500이상700만원 미만,예전과 비슷하다,예전과 비슷하다,약간 적어졌다,예전과 비슷하다,예전과 비슷하다,예전과 비슷하다,예전과 비슷하다,약간 적어졌다,약간 적어졌다,예전과 비슷하다,많이 적어졌다
430,20220103,F,50대,경기도,300이상500만원 미만,약간 커졌다,예전과 비슷하다,약간 커졌다,약간 적어졌다,약간 커졌다,약간 커졌다,약간 커졌다,예전과 비슷하다,예전과 비슷하다,약간 커졌다,많이 커졌다
348046,20220103,M,40대,경기도,500이상700만원 미만,예전과 비슷하다,예전과 비슷하다,예전과 비슷하다,예전과 비슷하다,예전과 비슷하다,예전과 비슷하다,예전과 비슷하다,예전과 비슷하다,예전과 비슷하다,예전과 비슷하다,약간 커졌다
347545,20220103,M,20대,경기도,300만원 미만,약간 커졌다,약간 커졌다,예전과 비슷하다,예전과 비슷하다,예전과 비슷하다,예전과 비슷하다,예전과 비슷하다,예전과 비슷하다,예전과 비슷하다,예전과 비슷하다,예전과 비슷하다
371396,20220103,M,50대,경기도,500이상700만원 미만,예전과 비슷하다,예전과 비슷하다,약간 커졌다,예전과 비슷하다,예전과 비슷하다,예전과 비슷하다,예전과 비슷하다,예전과 비슷하다,예전과 비슷하다,많이 커졌다,많이 커졌다
420696,20220103,F,50대,서울특별시,700만원 이상,예전과 비슷하다,많이 적어졌다,예전과 비슷하다,약간 적어졌다,약간 적어졌다,약간 적어졌다,약간 적어졌다,예전과 비슷하다,예전과 비슷하다,약간 커졌다,많이 커졌다
393102,20220103,M,50대,서울특별시,500이상700만원 미만,예전과 비슷하다,예전과 비슷하다,약간 적어졌다,예전과 비슷하다,약간 커졌다,약간 적어졌다,약간 적어졌다,약간 커졌다,약간 커졌다,약간 커졌다,예전과 비슷하다
438638,20220103,F,50대,경기도,500이상700만원 미만,예전과 비슷하다,예전과 비슷하다,많이 커졌다,많이 커졌다,많이 커졌다,많이 커졌다,많이 커졌다,많이 커졌다,많이 커졌다,많이 커졌다,많이 커졌다
370148,20220103,M,40대,경기도,500이상700만원 미만,예전과 비슷하다,예전과 비슷하다,예전과 비슷하다,예전과 비슷하다,예전과 비슷하다,예전과 비슷하다,예전과 비슷하다,예전과 비슷하다,예전과 비슷하다,예전과 비슷하다,약간 적어졌다
395178,20220103,M,50대,서울특별시,300만원 미만,약간 적어졌다,약간 적어졌다,약간 적어졌다,약간 적어졌다,약간 적어졌다,약간 적어졌다,약간 적어졌다,약간 적어졌다,약간 적어졌다,약간 적어졌다,약간 적어졌다
410086,20220103,M,20대,경기도,700만원 이상,약간 커졌다,예전과 비슷하다,많이 적어졌다,많이 적어졌다,많이 적어졌다,많이 적어졌다,많이 적어졌다,많이 적어졌다,많이 적어졌다,많이 적어졌다,많이 적어졌다
185751,20220103,F,50대,경기도,모름,예전과 비슷하다,예전과 비슷하다,예전과 비슷하다,약간 커졌다,약간 커졌다,예전과 비슷하다,예전과 비슷하다,예전과 비슷하다,약간 커졌다,예전과 비슷하다,예전과 비슷하다
413534,20220103,M,30대,경기도,300이상500만원 미만,많이 적어졌다,많이 적어졌다,많이 적어졌다,많이 적어졌다,많이 적어졌다,많이 적어졌다,많이 적어졌다,많이 적어졌다,많이 적어졌다,많이 적어졌다,많이 적어졌다
174795,20220103,F,50대,서울특별시,300이상500만원 미만,예전과 비슷하다,예전과 비슷하다,약간 커졌다,예전과 비슷하다,예전과 비슷하다,예전과 비슷하다,예전과 비슷하다,예전과 비슷하다,예전과 비슷하다,약간 커졌다,많이 커졌다
2969563,20220103,M,30대,경기도,500이상700만원 미만,예전과 비슷하다,약간 적어졌다,약간 커졌다,약간 적어졌다,약간 적어졌다,약간 적어졌다,약간 적어졌다,약간 적어졌다,예전과 비슷하다,예전과 비슷하다,약간 커졌다
3071985,20220103,F,50대,경기도,300이상500만원 미만,많이 적어졌다,예전과 비슷하다,예전과 비슷하다,많이 적어졌다,많이 적어졌다,많이 적어졌다,많이 적어졌다,예전과 비슷하다,많이 적어졌다,많이 커졌다,많이 커졌다
109791,20220103,M,30대,경기도,700만원 이상,예전과 비슷하다,예전과 비슷하다,예전과 비슷하다,예전과 비슷하다,예전과 비슷하다,예전과 비슷하다,예전과 비슷하다,예전과 비슷하다,예전과 비슷하다,약간 커졌다,많이 커졌다
441357,20220103,F,50대,서울특별시,700만원 이상,약간 커졌다,예전과 비슷하다,많이 커졌다,약간 적어졌다,예전과 비슷하다,예전과 비슷하다,예전과 비슷하다,많이 커졌다,많이 커졌다,약간 커졌다,많이 커졌다
368755,20220103,M,50대,서울특별시,300이상500만원 미만,약간 커졌다,약간 커졌다,많이 커졌다,예전과 비슷하다,약간 커졌다,예전과 비슷하다,예전과 비슷하다,예전과 비슷하다,예전과 비슷하다,많이 커졌다,많이 커졌다
419603,20220103,M,30대,서울특별시,300이상500만원 미만,예전과 비슷하다,예전과 비슷하다,예전과 비슷하다,예전과 비슷하다,예전과 비슷하다,예전과 비슷하다,예전과 비슷하다,예전과 비슷하다,예전과 비슷하다,예전과 비슷하다,예전과 비슷하다
27312,20220103,M,40대,경기도,300이상500만원 미만,예전과 비슷하다,예전과 비슷하다,약간 커졌다,약간 커졌다,예전과 비슷하다,예전과 비슷하다,예전과 비슷하다,예전과 비슷하다,예전과 비슷하다,약간 커졌다,약간 커졌다
351388,20220103,F,60대,경기도,300만원 미만,약간 적어졌다,약간 적어졌다,약간 적어졌다,약간 적어졌다,약간 적어졌다,약간 적어졌다,약간 적어졌다,약간 적어졌다,예전과 비슷하다,예전과 비슷하다,약간 적어졌다
426975,20220103,M,20대,경기도,500이상700만원 미만,많이 커졌다,많이 커졌다,많이 커졌다,많이 커졌다,약간 커졌다,많이 커졌다,많이 커졌다,약간 커졌다,많이 커졌다,많이 커졌다,많이 커졌다
369486,20220103,M,20대,서울특별시,300이상500만원 미만,예전과 비슷하다,약간 적어졌다,약간 커졌다,많이 적어졌다,많이 적어졌다,많이 적어졌다,많이 적어졌다,많이 적어졌다,많이 적어졌다,예전과 비슷하다,약간 커졌다
226875,20220103,M,30대,서울특별시,700만원 이상,예전과 비슷하다,예전과 비슷하다,약간 커졌다,예전과 비슷하다,약간 커졌다,약간 커졌다,약간 커졌다,예전과 비슷하다,예전과 비슷하다,예전과 비슷하다,약간 커졌다
437298,20220103,M,20대,경기도,300이상500만원 미만,예전과 비슷하다,예전과 비슷하다,예전과 비슷하다,예전과 비슷하다,예전과 비슷하다,예전과 비슷하다,예전과 비슷하다,예전과 비슷하다,예전과 비슷하다,예전과 비슷하다,약간 커졌다
423372,20220103,F,50대,경기도,700만원 이상,예전과 비슷하다,예전과 비슷하다,예전과 비슷하다,예전과 비슷하다,예전과 비슷하다,예전과 비슷하다,약간 커졌다,약간 적어졌다,약간 커졌다,약간 커졌다,많이 커졌다
256349,20220103,M,40대,경기도,500이상700만원 미만,예전과 비슷하다,예전과 비슷하다,예전과 비슷하다,약간 적어졌다,많이 적어졌다,많이 적어졌다,예전과 비슷하다,많이 커졌다,약간 커졌다,많이 커졌다,많이 커졌다
254569,20220103,F,60대,경기도,500이상700만원 미만,약간 적어졌다,예전과 비슷하다,약간 커졌다,예전과 비슷하다,예전과 비슷하다,약간 커졌다,예전과 비슷하다,예전과 비슷하다,예전과 비슷하다,예전과 비슷하다,많이 커졌다
361905,20220103,F,50대,서울특별시,700만원 이상,약간 커졌다,약간 커졌다,약간 커졌다,약간 커졌다,약간 커졌다,약간 커졌다,약간 커졌다,약간 커졌다,약간 커졌다,약간 커졌다,약간 커졌다
444958,20220103,F,60대,경기도,500이상700만원 미만,약간 커졌다,약간 커졌다,예전과 비슷하다,약간 커졌다,예전과 비슷하다,예전과 비슷하다,예전과 비슷하다,약간 적어졌다,약간 커졌다,예전과 비슷하다,약간 커졌다
275448,20220103,F,60대,경기도,300이상500만원 미만,예전과 비슷하다,예전과 비슷하다,약간 적어졌다,약간 적어졌다,예전과 비슷하다,예전과 비슷하다,예전과 비슷하다,많이 커졌다,많이 커졌다,많이 커졌다,많이 커졌다
417176,20220103,M,30대,서울특별시,300이상500만원 미만,예전과 비슷하다,약간 적어졌다,예전과 비슷하다,예전과 비슷하다,약간 적어졌다,약간 커졌다,예전과 비슷하다,많이 커졌다,약간 커졌다,약간 커졌다,약간 커졌다
258294,20220103,F,50대,경기도,700만원 이상,약간 적어졌다,많이 커졌다,약간 적어졌다,약간 커졌다,예전과 비슷하다,약간 커졌다,예전과 비슷하다,예전과 비슷하다,약간 커졌다,예전과 비슷하다,예전과 비슷하다
319912,20220103,M,50대,경기도,500이상700만원 미만,많이 적어졌다,많이 적어졌다,많이 적어졌다,많이 적어졌다,많이 적어졌다,많이 적어졌다,많이 적어졌다,많이 적어졌다,많이 적어졌다,많이 적어졌다,많이 적어졌다
317617,20220103,M,30대,서울특별시,700만원 이상,많이 커졌다,약간 커졌다,약간 커졌다,많이 커졌다,약간 적어졌다,약간 커졌다,예전과 비슷하다,예전과 비슷하다,많이 적어졌다,많이 커졌다,약간 커졌다
60768,20220103,M,30대,경기도,300만원 미만,약간 커졌다,예전과 비슷하다,예전과 비슷하다,예전과 비슷하다,예전과 비슷하다,예전과 비슷하다,예전과 비슷하다,예전과 비슷하다,예전과 비슷하다,예전과 비슷하다,약간 커졌다
318677,20220103,M,30대,경기도,500이상700만원 미만,약간 적어졌다,약간 적어졌다,예전과 비슷하다,약간 커졌다,약간 커졌다,약간 적어졌다,약간 적어졌다,약간 적어졌다,약간 적어졌다,예전과 비슷하다,많이 커졌다
3197593,20220103,M,20대,경기도,모름,예전과 비슷하다,예전과 비슷하다,약간 커졌다,예전과 비슷하다,예전과 비슷하다,예전과 비슷하다,예전과 비슷하다,예전과 비슷하다,예전과 비슷하다,예전과 비슷하다,약간 커졌다
440286,20220103,F,50대,경기도,700만원 이상,예전과 비슷하다,많이 커졌다,많이 커졌다,많이 적어졌다,많이 적어졌다,많이 적어졌다,많이 적어졌다,많이 적어졌다,많이 적어졌다,예전과 비슷하다,많이 커졌다
208597,20220103,F,50대,서울특별시,300만원 미만,예전과 비슷하다,예전과 비슷하다,약간 커졌다,예전과 비슷하다,약간 커졌다,예전과 비슷하다,예전과 비슷하다,예전과 비슷하다,예전과 비슷하다,약간 커졌다,약간 커졌다
376913,20220103,M,20대,경기도,700만원 이상,약간 커졌다,예전과 비슷하다,약간 커졌다,약간 커졌다,예전과 비슷하다,약간 커졌다,예전과 비슷하다,약간 적어졌다,많이 적어졌다,약간 적어졌다,예전과 비슷하다
308266,20220103,M,20대,경기도,500이상700만원 미만,많이 커졌다,약간 커졌다,약간 커졌다,예전과 비슷하다,예전과 비슷하다,예전과 비슷하다,예전과 비슷하다,약간 커졌다,예전과 비슷하다,예전과 비슷하다,많이 커졌다
370130,20220103,M,20대,경기도,300만원 미만,많이 커졌다,많이 커졌다,많이 커졌다,많이 커졌다,많이 커졌다,많이 커졌다,많이 커졌다,많이 커졌다,많이 커졌다,많이 커졌다,많이 커졌다
433486,20220103,M,20대,경기도,500이상700만원 미만,약간 커졌다,예전과 비슷하다,예전과 비슷하다,예전과 비슷하다,예전과 비슷하다,약간 커졌다,약간 커졌다,예전과 비슷하다,예전과 비슷하다,예전과 비슷하다,예전과 비슷하다
182030,20220103,M,60대,경기도,300만원 미만,예전과 비슷하다,예전과 비슷하다,예전과 비슷하다,예전과 비슷하다,예전과 비슷하다,예전과 비슷하다,예전과 비슷하다,예전과 비슷하다,예전과 비슷하다,예전과 비슷하다,예전과 비슷하다
314269,20220103,F,50대,경기도,300이상500만원 미만,약간 적어졌다,약간 적어졌다,약간 커졌다,예전과 비슷하다,약간 커졌다,예전과 비슷하다,약간 커졌다,약간 커졌다,예전과 비슷하다,약간 커졌다,약간 커졌다
240823,20220103,M,60대,경기도,700만원 이상,약간 적어졌다,예전과 비슷하다,예전과 비슷하다,예전과 비슷하다,약간 적어졌다,약간 커졌다,예전과 비슷하다,약간 커졌다,예전과 비슷하다,약간 커졌다,약간 커졌다
366482,20220103,M,20대,경기도,모름,많이 커졌다,약간 커졌다,많이 커졌다,예전과 비슷하다,예전과 비슷하다,예전과 비슷하다,예전과 비슷하다,예전과 비슷하다,예전과 비슷하다,약간 커졌다,약간 커졌다
